"Var_1","Var_2","Country","TimePeriod"
0.440034773065004,0.0527568899981761,1,1
0.697255755805358,-1.14825344213485,1,2
0.67904268896456,-0.837137688161275,1,3
-0.260753148668993,-0.140055589377934,1,4
0.393054889662901,0.758574608812856,1,5
0.267174635849377,-0.607951884185438,1,6
0.293220583168156,0.652307805248293,1,7
-0.0398634062571945,-1.05983711525184,1,8
0.143136505358326,-0.807041664982784,1,9
-1.28328053786546,-0.685823035045848,1,10
-0.790191963109359,0.607465798408378,1,11
0.772029358201089,0.630460653692165,1,12
-1.14003481534116,-0.0917092598575237,1,13
-0.838305352716524,1.4819658950801,1,14
0.687704821377797,0.762387137498068,1,15
0.745188274392689,3.04823662577341,1,16
-0.396082700935551,2.50469252474212,1,17
-1.28965958200705,1.43566595311857,1,18
-0.888038307036891,2.95710284353811,1,19
-1.72479920082522,4.37656004338553,1,20
-2.27422503117894,3.65572642416811,1,21
-1.84619239062061,2.90265743010386,1,22
-1.37278049386387,3.61447408614738,1,23
-2.6613489552016,3.53133699904077,1,24
-4.16472053829079,2.2234374076068,1,25
-4.78979458224098,4.1157492795947,1,26
-4.36395280466622,4.3924968814936,1,27
-3.79652986660185,4.96709713922079,1,28
-3.16269742113163,5.33123570074981,1,29
-3.99540041752997,6.09437582896013,1,30
-6.18166512688133,7.29453930137548,1,31
-7.32479306249741,6.49840132523812,1,32
-7.1014057726775,5.08339997463101,1,33
-6.36391012745945,6.02604278220578,1,34
-5.41257550450983,6.37523274305396,1,35
-5.22809799633993,6.17435526803733,1,36
-3.27927123678093,5.65406106513066,1,37
-3.49482141834163,5.81186548369087,1,38
-2.80419473868937,5.92514616066346,1,39
-4.13568530223882,6.93140263396094,1,40
-5.35903916344301,4.53591397663116,1,41
-5.38077033108122,2.52991260134786,1,42
-4.88785176646479,1.22702387926906,1,43
-5.29189484711152,2.42866373195479,1,44
-3.3833057718388,3.13216728738529,1,45
-3.83365994416378,3.4394716490091,1,46
-2.95349574147495,4.41775152019932,1,47
-1.56147973676488,5.42367930291415,1,48
-0.716140279221231,7.3390574009026,1,49
-1.0119856222094,8.27453106322323,1,50
-2.34353359907749,7.27558743442173,1,51
-2.68759998629714,7.15427333741097,1,52
-3.58614216141377,7.25079087040888,1,53
-4.84795479612283,7.24098366450499,1,54
-5.40132918424384,6.83703250244693,1,55
-6.31611495309889,7.11543199029,1,56
-6.1824907492759,6.44733933005384,1,57
-7.32902200226952,5.74984184922334,1,58
-9.08177381133871,5.00910362681742,1,59
-9.254221826737,5.71960445499257,1,60
-1.16435785253569,-0.086114958293922,2,1
-1.84801580985118,-0.720657148124153,2,2
-2.36885286319954,-0.237598985167099,2,3
-1.10636014470779,1.59400443560367,2,4
-0.634478669003238,1.07779304518317,2,5
-0.336596505876883,2.39572848533659,2,6
-2.59340228612565,1.66557136484125,2,7
-4.55968069837192,0.159382475059388,2,8
-4.17543302087923,0.492602842871554,2,9
-2.82163880619339,-0.343756886341762,2,10
-4.33560742029421,0.87254188224328,2,11
-3.06130490820856,-0.00438815225560221,2,12
-1.55372256324868,-1.95027917952503,2,13
-2.07085231708247,-0.288706137254901,2,14
-2.39574781365011,-0.164157060210662,2,15
0.128493717886405,-0.0416644649058341,2,16
0.787480725830416,1.09903033483689,2,17
0.775026581293061,0.241497675037616,2,18
-1.02998908648034,2.7865749171296,2,19
-1.94515139370584,3.5156171845221,2,20
-3.20770364841822,3.00749706019389,2,21
-4.72828513134336,4.5261192314816,2,22
-5.33412863093215,4.09449210425319,2,23
-6.54223097498678,4.1479980878133,2,24
-7.84977258080024,4.60955903285397,2,25
-7.50369082681878,4.77226017139763,2,26
-6.47976573302531,5.27032326507499,2,27
-7.65808965261709,3.56221705198484,2,28
-8.78811909677531,3.90911767485645,2,29
-9.25858220931611,3.74164021859253,2,30
-8.05311569934951,3.37316910028212,2,31
-7.23903409466297,4.67560402769877,2,32
-7.77809933556798,5.42898661613602,2,33
-7.70394105694254,6.4268928974516,2,34
-7.75392011019862,5.8485717294255,2,35
-8.30571054149572,6.86815529604195,2,36
-9.62373419300329,5.27311394494377,2,37
-10.090698146408,5.23337778676556,2,38
-10.197359658639,5.03283664273075,2,39
-10.7031958493758,4.84945818747484,2,40
-11.4292306209368,5.07694232519485,2,41
-12.5574739017034,5.04755095147207,2,42
-10.7135199227234,5.43963767858313,2,43
-11.2640028260034,4.20212832364963,2,44
-11.2599696660907,6.13541494666889,2,45
-11.2181719898551,7.43635634331807,2,46
-10.2937254005939,8.62213303501069,2,47
-9.46180625118453,7.67770773717061,2,48
-8.53212191241277,8.22690395385658,2,49
-8.65663579848138,7.43343890694451,2,50
-7.89258939356742,8.0927188318931,2,51
-7.34742484609108,9.35037445202103,2,52
-8.2278484581304,11.5948624445234,2,53
-7.58103667773778,13.1214779229486,2,54
-5.56135506162119,13.16303849259,2,55
-6.98479923472498,11.7330609029145,2,56
-6.41561153217663,12.5952537556488,2,57
-5.89613265966273,12.1111240133253,2,58
-3.29611874951879,12.2212900624571,2,59
-2.6740605964681,13.0874857988771,2,60
0.00280271243613618,-1.98934926863675,3,1
-0.267262723993027,-3.64074779070287,3,2
-0.246119957653725,-4.57296035308418,3,3
0.303262105258112,-4.02333301060882,3,4
1.46462694512694,-5.06621856945113,3,5
3.21559271563096,-5.70331518063964,3,6
3.35674044608582,-6.32285489003825,3,7
3.2756315645684,-6.48585065665923,3,8
2.61479889765568,-5.20998839002077,3,9
3.47902188288469,-3.79182158511657,3,10
3.21798800911845,-2.40910757967622,3,11
3.01244035848629,-3.49419884304355,3,12
2.21412424041826,-4.75977202534554,3,13
2.57044192890521,-5.35330785322294,3,14
3.40448065960843,-6.11785553984146,3,15
2.1548197346239,-4.46321749351886,3,16
2.46891925039026,-3.73316992149774,3,17
1.23878206510932,-3.05519452159659,3,18
0.312785562618992,-1.4044048037767,3,19
0.424124591455088,-1.69661429888403,3,20
1.00617632306705,-2.19424949296543,3,21
-0.17610163528966,-2.53896868050992,3,22
0.0401980098805199,-4.90967766610561,3,23
1.12933109471291,-5.08469360121761,3,24
1.37447001047386,-3.37236576908937,3,25
1.80278360568986,-4.47229778352493,3,26
-0.0160730239677549,-3.60321392214576,3,27
-0.0884236314279834,-3.73377143805984,3,28
-1.49375725798968,-4.81458971005178,3,29
1.4562099037706,-3.92366984807471,3,30
1.9184434567371,-4.49774549242384,3,31
2.58781437105943,-5.48858876563885,3,32
2.20158689785796,-6.67750648543488,3,33
1.14731077994115,-6.41350867048063,3,34
-0.622897308518644,-6.15129027190821,3,35
0.99684961191334,-6.70243391284304,3,36
0.555047280126762,-6.67282999364414,3,37
-0.94941564075405,-7.1091503562448,3,38
-1.52261312967638,-6.04199348175721,3,39
-1.51304992003647,-6.03237766637856,3,40
-1.95025182671454,-6.22776400511808,3,41
-1.93675425144338,-5.27121713566566,3,42
-4.0735923515246,-6.10162877780913,3,43
-3.54222530675026,-5.65384358340032,3,44
-3.57152195316105,-4.7492645418392,3,45
-4.15169301427175,-3.85769573733735,3,46
-4.47699239046142,-3.96988086474696,3,47
-3.50976415152564,-3.51693140431529,3,48
-3.08100395045576,-4.09845807378804,3,49
-2.80069035941176,-3.80534122410017,3,50
-1.97465996902779,-3.43738564803582,3,51
-3.84200405967861,-4.86658596153417,3,52
-3.91499157844526,-4.55126546509391,3,53
-4.58277025441349,-4.91670425771328,3,54
-4.74079099165659,-5.12631308122584,3,55
-4.19970495572057,-5.43325351357461,3,56
-4.35594067730547,-4.85530449511612,3,57
-3.89231094089165,-3.48544451444015,3,58
-3.55796213338355,-3.57453211594285,3,59
-4.67578473074725,-4.68330362188533,3,60
1.29518345144707,0.253207055270829,4,1
2.07446045276423,-0.244756293134754,4,2
-0.240863412851856,0.651385770862543,4,3
-0.211305776556498,0.365596193703495,4,4
-2.58069617546482,0.79484072083287,4,5
-2.2685536275918,-1.61429595443979,4,6
-1.8417275476853,-2.83351190189007,4,7
-0.77730587734009,-3.08589392889504,4,8
-1.27906506721262,-1.11381935111385,4,9
-2.41855528978496,0.873417445056517,4,10
-1.86594698075573,-0.598965043221757,4,11
-1.26025766020341,-0.205421958588041,4,12
-1.98589277050905,0.0374171205576919,4,13
-2.10684978567821,0.536100012783568,4,14
-0.39302268905667,-0.44157410151043,4,15
-1.55021177997714,0.164572161485872,4,16
-2.47847878498788,0.150572519516721,4,17
-3.70963481395841,2.43054439012228,4,18
-4.18897144259895,2.08568986860875,4,19
-4.85324851582417,1.3806056691788,4,20
-5.06961236891652,1.42718801513342,4,21
-6.18899792781109,0.598261104526752,4,22
-6.14542499677476,0.268902654657436,4,23
-6.75907463176629,0.260419908527594,4,24
-5.99028804922155,1.90739850187525,4,25
-5.1183878965673,4.7667167652849,4,26
-2.93112205806091,4.88178246633277,4,27
-3.58901133254062,4.30183485250246,4,28
-3.84552936146649,5.14130382742946,4,29
-1.99065034946514,4.76731031041172,4,30
-1.79898792147725,3.76414975214396,4,31
-2.58429767320698,4.64705753331613,4,32
-2.68353069912302,4.44607123267654,4,33
-2.61351429916344,4.42717165852905,4,34
-1.77362200448261,6.27501601535407,4,35
-2.21533430932215,6.09394378640287,4,36
-0.974708559907454,5.06437176373716,4,37
-0.985134760099965,5.1121163229653,4,38
-0.51736619864506,6.32181768808455,4,39
0.206795408423451,7.8857551913022,4,40
2.46842361686774,6.32940577135986,4,41
2.0618772308674,7.69159238218023,4,42
2.45263148610518,7.35711310086201,4,43
1.85120751988156,8.75948784966501,4,44
3.24701682069322,7.8360613266464,4,45
2.65849268488557,8.91019569897506,4,46
2.24030931722966,8.57745720027262,4,47
3.06180646427237,6.45023158133511,4,48
3.05408706856263,6.83909605432326,4,49
2.12696430312069,5.35590236519019,4,50
3.05652552449706,6.67000889342187,4,51
2.40947062236089,6.33906272469141,4,52
2.79554870465684,7.43504874925391,4,53
2.40082098234367,6.77156929384407,4,54
3.49746285560218,4.97574798300515,4,55
5.35931165490565,5.90207984590464,4,56
5.67125600841162,4.54708169599522,4,57
7.26195435070866,4.70508815653874,4,58
8.24062233347191,5.49083166428916,4,59
8.59087546310014,5.32566784755015,4,60
0.175555372654328,0.74860693276659,5,1
-1.21567403115828,0.458758217330932,5,2
-2.08615126244898,0.609042774909587,5,3
-2.89044889862346,1.20104756928932,5,4
-2.76093434743213,2.04899895747393,5,5
-4.59080167093777,2.08116362470826,5,6
-6.01320505474447,1.26570665258458,5,7
-7.53570359298943,0.196571645866886,5,8
-6.70431756922434,-0.544858302009133,5,9
-7.55276520652475,0.458938820934668,5,10
-7.94750608552224,1.16019375344579,5,11
-10.4023693418457,1.50526729712349,5,12
-9.53917476755728,0.246049087922592,5,13
-10.7091931972172,-1.22253683526614,5,14
-10.6021601584789,-1.44460179023312,5,15
-9.7208782765486,0.127157859402982,5,16
-8.32037236845305,2.37950116042381,5,17
-8.86074960348723,3.88015804806452,5,18
-8.67254165304135,3.44721543456157,5,19
-10.413249269164,4.99546175902947,5,20
-13.901825181643,3.24054057839828,5,21
-13.6748255184005,5.85569473142202,5,22
-13.0651039112258,5.91488834815436,5,23
-13.5928644458055,5.81007303060395,5,24
-13.4815355043987,5.8150523188321,5,25
-11.3739081516881,7.84813041248049,5,26
-11.3693030505491,7.30513977197553,5,27
-12.1035616501549,6.49674552363477,5,28
-11.2672506182068,6.05357881574796,5,29
-12.5270944215435,6.96548545484717,5,30
-12.2011107802543,6.62601815599061,5,31
-11.1980955066699,5.19704943930422,5,32
-11.0548655090812,7.66387588607822,5,33
-10.4931699748711,8.76486942545025,5,34
-10.2216567878953,9.49859290923342,5,35
-9.40196369044626,11.0008527748638,5,36
-10.2704570978931,9.0261220869126,5,37
-11.1680757732258,8.55250908497827,5,38
-12.5498787550755,8.6259296358822,5,39
-12.6289485124773,9.12017029135552,5,40
-12.2843857215751,10.0774082238974,5,41
-12.4501708929317,11.6268009196526,5,42
-12.1819898541916,9.81603827688024,5,43
-9.75229055321024,8.23112804039562,5,44
-10.7800368040319,8.55562264377802,5,45
-8.96475537239685,8.00924054146389,5,46
-7.45381784117203,7.37319158049687,5,47
-7.4662940931024,8.41218374339496,5,48
-7.04383938028649,6.91039723891889,5,49
-6.75545128678492,7.84229218741745,5,50
-7.20889756578894,8.00586414980648,5,51
-8.57356603028506,8.5661254987818,5,52
-7.4520730456524,9.39117143787751,5,53
-7.69078718232103,9.18629775220302,5,54
-5.67962720044993,9.04489534540803,5,55
-6.66553860172587,8.66593493550164,5,56
-4.81248244520318,8.79399191649124,5,57
-4.43784485448516,8.95126230577418,5,58
-6.5990809315498,9.4419929741106,5,59
-6.19143507759424,7.75217295296004,5,60
2.48288834968941,-0.0125553527681085,6,1
3.16643754403215,0.172829150260467,6,2
6.24158995814126,2.50074175427536,6,3
5.33863872052612,4.13556354350365,6,4
5.52722581695778,5.03268015099659,6,5
4.30561211263002,4.24234190057252,6,6
3.42753368639412,3.30764417460488,6,7
1.78747181986035,3.5787718282063,6,8
1.95463398291286,2.83024929551476,6,9
1.42434765428506,3.01891510633425,6,10
1.17293444582492,4.4100120578838,6,11
0.060141949629987,4.47678337622034,6,12
-1.191717668454,3.80217506558506,6,13
-1.51061330566505,2.66081141416103,6,14
-2.33118152408887,0.821373331473025,6,15
-1.86121498559731,-0.822466341406872,6,16
-1.43425775248317,-2.56700030190847,6,17
-1.36847798859323,-3.44954640529598,6,18
-0.606156904913561,-4.03941322243168,6,19
-2.64425684851962,-2.83725975656643,6,20
-1.55769425307909,-1.77387781633528,6,21
-0.325779082379651,-0.492132942238172,6,22
-0.822856475639441,-0.548864744751759,6,23
-0.861589699916826,-0.711088207384256,6,24
-1.13772678220369,-0.607463120250268,6,25
0.536916861611699,-0.0890168404461628,6,26
0.281837658044194,-0.224804917269299,6,27
0.933818642706938,0.528733469558279,6,28
2.24867507763617,-0.0755642961931862,6,29
2.53793343378677,-0.717734011512385,6,30
1.57667857465908,-1.41516081749761,6,31
2.79297184821617,-1.01291834644378,6,32
2.31619316828509,-0.704769339610127,6,33
2.42214909627168,-0.895194617292655,6,34
2.93695263285635,-1.37248991811453,6,35
2.74065808568889,-2.28311739923482,6,36
3.67879156772979,-3.61181434020419,6,37
4.69937999310906,-4.51286428467405,6,38
5.23434485066903,-4.79581142101734,6,39
5.79014712090687,-5.45561575617262,6,40
5.947670993399,-6.99090606513185,6,41
7.42193258021621,-6.17577275886704,6,42
4.69645815619272,-7.63175154987021,6,43
4.47805187161261,-7.28935484693767,6,44
3.9526451630146,-7.48201840013899,6,45
4.45352461125781,-7.35390166743038,6,46
4.85375465359601,-7.74430248826864,6,47
5.61448174390934,-8.0270786378836,6,48
5.51812900895924,-6.85761948138986,6,49
4.90019374070419,-7.74470392698735,6,50
5.15765363918701,-7.37566647156713,6,51
5.64558757163377,-6.93839745319344,6,52
6.91705294322464,-7.04079811877135,6,53
7.25853562290061,-8.0896993640243,6,54
8.59564099050035,-7.86240646006785,6,55
10.3886746525059,-8.04132213359058,6,56
8.93448991446026,-8.41082016136001,6,57
10.595179971742,-9.50601239894928,6,58
9.98299747424056,-9.76874779790125,6,59
7.29453858997836,-8.55503563892276,6,60
-0.587343186057285,0.839646937090288,7,1
-0.418809097069927,2.88466562270011,7,2
-0.755387966698563,2.60148178444399,7,3
0.90693588983707,1.28227644688385,7,4
1.47772340412937,3.03205177605828,7,5
2.48773885122077,2.70696034112148,7,6
1.97321092395951,2.95207895948301,7,7
2.06347418446594,2.72465080523088,7,8
2.00841965877472,3.68871669668278,7,9
2.1446418678579,3.15179097984606,7,10
1.96655696747668,2.32425216024979,7,11
0.652066406604718,1.41008488963041,7,12
0.185255686334248,-1.16824761912102,7,13
-1.69896465720888,-1.82532912960185,7,14
-2.30101996586589,-2.17216886639191,7,15
-2.8210962372009,-2.03746501892997,7,16
-4.88692436653429,-1.61420797396083,7,17
-5.08602844918403,-0.73906975695722,7,18
-5.62719863099606,0.984321510717897,7,19
-7.05377383012912,1.55667774804807,7,20
-7.785716158443,1.58826917072751,7,21
-7.90924969605492,1.23930435718259,7,22
-7.34573835052861,1.25339417613947,7,23
-6.94684486735529,3.3130291064955,7,24
-8.42534146538894,2.89736648303115,7,25
-9.73402162225398,2.88017385804259,7,26
-9.66509631969283,2.21786946314993,7,27
-8.68433703068048,1.93807267290413,7,28
-8.05795890678467,1.57543923748664,7,29
-7.66032638224112,2.50337155674421,7,30
-6.47446736974386,2.44867633715301,7,31
-4.75163256273627,2.74906578689723,7,32
-6.59070231918769,-0.151515634405322,7,33
-7.14021046299729,0.514689245863577,7,34
-7.94780402467456,-1.77988959255511,7,35
-7.93085733850554,-1.28260708821679,7,36
-9.23356666874549,-0.46779093097764,7,37
-11.3427125196309,-0.537549333798565,7,38
-12.7655221447776,0.226203711577026,7,39
-12.5819607337846,-0.179711163494257,7,40
-13.0295244038339,-1.09864209364068,7,41
-13.2239578983972,-0.939543572012565,7,42
-12.7300877061843,-1.64925654151606,7,43
-11.6321869983524,0.280035019981324,7,44
-9.93939145755641,-0.0386871733759943,7,45
-9.52858828910697,-1.24084594436023,7,46
-8.72358260969405,-1.63322027699183,7,47
-8.27158601983714,-2.29721391855368,7,48
-7.65272340470626,-1.05999819070144,7,49
-6.53102980393718,-2.20435927943597,7,50
-4.82594106348783,-4.09363313453746,7,51
-3.59197118726809,-4.76973841088904,7,52
-5.48715431351195,-5.89397578555287,7,53
-8.21808385912334,-4.32272581263367,7,54
-8.18336106236724,-3.73225849323845,7,55
-7.09082638041142,-4.86965774174792,7,56
-8.15798038487452,-5.43175604070558,7,57
-9.14409165533237,-4.77682700244955,7,58
-7.66630984640889,-4.97400721316074,7,59
-7.39870137573467,-4.59138551394998,7,60
0.205848480886348,-1.98991050258049,8,1
-0.47952877719884,-1.85682652879786,8,2
1.38125615960578,-1.74238420393493,8,3
0.399062354803916,-2.24921921407006,8,4
0.182793035476694,-3.32295674848063,8,5
0.1555947602851,-3.50084956600676,8,6
0.182738802462348,-4.27235847672021,8,7
0.593264402199163,-5.13055793652804,8,8
1.63278428203575,-4.09345625481697,8,9
1.75492515990604,-4.8680287182883,8,10
2.18980272217529,-4.16624689494818,8,11
5.16858332202673,-4.42567721069081,8,12
6.38236278289701,-4.7910062460866,8,13
5.09978667216884,-4.18924123961605,8,14
4.42828513184768,-4.50635563037817,8,15
3.80407873932738,-3.47921428679225,8,16
3.29923534343885,-4.82545872914531,8,17
1.34468643598297,-3.74046822443623,8,18
0.623537273692563,-3.21530350447179,8,19
0.160095766672925,-3.0809160965805,8,20
0.328145424953431,-3.96505231699182,8,21
-0.552403118052821,-3.98764733951232,8,22
-1.0408232195957,-4.3306673412222,8,23
-1.12877585873708,-4.35755076328632,8,24
-2.24228104577401,-5.07226715871041,8,25
-3.23070843887443,-6.22697118812823,8,26
-3.84600552604872,-6.21448137713164,8,27
-2.9844929173363,-5.82734724224018,8,28
-2.03755373311132,-5.52092042659468,8,29
-1.30589100600954,-4.97839971645178,8,30
0.0965364528592611,-4.38895450126544,8,31
-0.186684031552217,-4.55812747521277,8,32
0.271800925239046,-5.53120238787357,8,33
1.74662325406814,-5.65497444305373,8,34
0.135449098542408,-5.23552193672357,8,35
-0.526759764497858,-4.70901197276948,8,36
-0.733469395982293,-5.33263544102936,8,37
0.0373176520432035,-4.95862893851295,8,38
-0.473759420115941,-5.22623928213417,8,39
-1.2775380256444,-6.43029593774262,8,40
-2.26024508548239,-5.86080893570422,8,41
-2.54534233150447,-5.48360538152211,8,42
-2.68383419686063,-6.69558837811537,8,43
-2.88523521941607,-6.86347201097962,8,44
-2.56670047055422,-7.087554196233,8,45
-1.48499291601953,-6.75366557827931,8,46
-3.12011498529755,-7.4495285887642,8,47
-2.16149104195085,-6.27463459377305,8,48
-1.37494075178604,-7.03781123307536,8,49
-1.78177268102409,-6.32575664698283,8,50
-1.5192957921649,-7.10287449827859,8,51
-1.23222506580572,-7.04417595883592,8,52
-1.44063968235857,-6.40832157572401,8,53
-0.378290011192207,-5.99570913013582,8,54
0.704526368575439,-6.5110759967218,8,55
-0.233436236415335,-7.20887962591074,8,56
-1.00396680018004,-6.38201609264333,8,57
-0.902303257181877,-6.26531162876875,8,58
0.384449454090473,-6.36333408090544,8,59
0.162774223093725,-7.05148811590144,8,60
-1.31180073836761,1.44891607505145,9,1
-2.13694745312534,0.379541679119056,9,2
-2.04446568431129,0.0919020099186542,9,3
-0.857634471372839,-0.488723155928598,9,4
2.27159966458244,-0.759432383904924,9,5
0.744466046937771,-1.93012660904703,9,6
3.59150488164155,-2.12806840113025,9,7
4.16618089462195,-2.28013470074747,9,8
6.49171523400778,-2.54300060221079,9,9
6.83589399673712,-2.83228706150488,9,10
7.03433495359927,-1.51380737522698,9,11
6.751101299252,-2.06607912637606,9,12
6.85053663813881,-2.72649177513888,9,13
7.38982383563882,-3.70386817544595,9,14
7.7683748743547,-3.51218803311146,9,15
6.76537779978468,-4.69532415280028,9,16
6.19458933127461,-5.07078416765221,9,17
4.40855223867717,-4.45823380051706,9,18
3.14649064659672,-6.07470177481346,9,19
2.87926953591382,-6.92870537411377,9,20
2.29209458200886,-8.52703156419548,9,21
2.96538985979188,-9.69007603285573,9,22
4.86101533634757,-11.6701075108683,9,23
5.46487418591273,-11.0490892125464,9,24
5.01294699750853,-9.74856842407292,9,25
5.34590916957891,-9.89715975384031,9,26
5.77133885285099,-11.6488599758159,9,27
7.69370140794094,-11.562721470219,9,28
6.63337089448437,-10.8292055316676,9,29
6.92212336046838,-12.6770304750657,9,30
8.73524664640942,-12.3033864261385,9,31
10.3100353946747,-12.8752404980181,9,32
11.4878767403147,-13.3426107113054,9,33
12.0976617471991,-12.9046611360684,9,34
11.5680776819758,-12.9048854657259,9,35
13.935312329198,-12.6991804741694,9,36
13.0989166109177,-14.630081157714,9,37
14.2232969524254,-14.2021959091009,9,38
14.1433099490871,-13.5932364868299,9,39
15.6304642523472,-15.4243192595187,9,40
14.0404951248135,-14.2655735284103,9,41
16.1930353048747,-13.7257237854128,9,42
15.81555619422,-13.6123281115365,9,43
14.7232969069431,-13.1155923786393,9,44
15.8249819045548,-14.3284054707816,9,45
15.9037277734554,-13.9179244224909,9,46
16.3687843092248,-14.4689021899284,9,47
18.6180428124282,-15.2978853178132,9,48
18.0491958245511,-15.8527016573567,9,49
18.8546353582287,-16.2438289190816,9,50
20.5513729319596,-16.4130644644134,9,51
21.5032450941386,-17.9236207823521,9,52
22.0378016999936,-15.697207492019,9,53
21.9963759982566,-14.0257876720074,9,54
23.2166583462766,-14.7922582479067,9,55
21.3598803863634,-14.6582887768701,9,56
20.5081309474619,-13.459683394298,9,57
18.7495660336121,-13.3516704305308,9,58
19.2414935281708,-13.6207324115256,9,59
20.0465892350462,-14.0368621285763,9,60
-1.21955602192173,0.0699447461411332,10,1
-0.876001794824992,-0.531707510572899,10,2
-1.8651917429884,-0.475946606025649,10,3
-3.47273547189973,1.38030424181057,10,4
-1.58449587556532,2.35838987789828,10,5
-2.38026726318874,3.33541014872594,10,6
-1.74056075155924,2.70582880976259,10,7
-1.74188827805454,1.29529436810976,10,8
0.101803142165196,1.44328758189325,10,9
-0.0431784593989808,-0.098553434575595,10,10
0.312750962089715,-1.0964993798067,10,11
0.75314150566783,-0.0906278965964141,10,12
0.0801634183037884,0.0521309127501962,10,13
-1.19180838869456,-1.12451246970627,10,14
-2.53347526135388,-0.300269620678637,10,15
-1.0717028490426,-0.775435954223823,10,16
-1.69771396426567,-0.253560140309513,10,17
-3.39864342688128,2.29927965378102,10,18
-2.44439767617812,1.82610063186935,10,19
-4.562939186846,2.40695478860913,10,20
-3.81878960356605,1.20295537786257,10,21
-5.78634765886166,2.85562671541574,10,22
-4.1059249513405,3.07093212107783,10,23
-5.33851647878435,2.50628950770037,10,24
-5.36599368025333,4.67885880460303,10,25
-5.65968666804141,4.01398759169192,10,26
-4.72743346805579,4.16534691996019,10,27
-6.13113162267897,4.74903972863399,10,28
-6.74258544876121,4.74677924459364,10,29
-7.28696128639314,4.93359448058153,10,30
-8.59309115041084,4.63720068769011,10,31
-8.16482588765316,4.81654635597329,10,32
-9.14721829088441,5.38890799167734,10,33
-6.35483972093624,5.40905518758252,10,34
-5.49577965970162,7.16126906952521,10,35
-7.03677415765034,6.90054530088892,10,36
-5.97449039850887,4.99525869011885,10,37
-4.62443245126927,4.23029547988052,10,38
-5.88274849565026,5.38833313023136,10,39
-5.47172168923044,5.93268518759617,10,40
-4.95851508822723,5.49996759149705,10,41
-5.4454053998105,5.01417175852529,10,42
-4.93920507814042,5.94533640942527,10,43
-2.43143458626767,6.36484806927725,10,44
-1.395078706512,6.58131708082334,10,45
-2.41395603641412,7.79224489965623,10,46
-3.44095671886719,5.55036734861814,10,47
-3.43095210368613,4.8915795295922,10,48
-4.19300447048992,5.71852789389522,10,49
-4.51341867391601,4.85712773573635,10,50
-5.82544877750925,4.31799128655468,10,51
-6.76667027154087,2.61487779577553,10,52
-4.12999233056186,4.01402261479251,10,53
-3.66255445439494,4.74111944281181,10,54
-3.242747965282,4.97666993071726,10,55
-4.15163526267841,5.66594920209112,10,56
-4.04792812031494,6.25260395618857,10,57
-3.97049264171031,5.79603691891023,10,58
-4.1554342531563,5.58322182508787,10,59
-4.76377076243817,4.72214869693055,10,60
1.00009189813216,1.44767172219577,11,1
0.788599719854725,1.10148644129867,11,2
-0.296480689827742,0.36626177911883,11,3
-0.649676230527643,-0.443463553952475,11,4
0.25576365184878,0.667135076415182,11,5
1.50810317107369,0.59758498912216,11,6
0.917607835557574,-0.291581249958044,11,7
-0.607264259278688,-0.652199859884258,11,8
-0.602985287497076,-0.0800071899606005,11,9
-0.917198838281397,-0.05903558492344,11,10
-0.577464682906404,0.685411753281344,11,11
0.583205157879201,1.73002522816507,11,12
-0.871790244206896,1.6444783824861,11,13
-0.373465935199105,3.27585334003,11,14
-0.588591280210666,3.95950927905853,11,15
-0.570172478701769,4.13917499611087,11,16
-1.45086832384389,4.18829327001255,11,17
-1.31396612358734,1.77050074922196,11,18
-2.43020010667143,1.51672401029098,11,19
-1.75804676997537,0.299053826409552,11,20
-0.798028716453284,0.42333667381019,11,21
-1.62992283660758,0.975489615235846,11,22
-1.27729145906195,0.512227159883743,11,23
-1.44877777472138,0.863617996257608,11,24
-1.22397901087383,0.722477606069642,11,25
-1.68538186559089,-0.728798510506157,11,26
-1.23399790943946,-2.14167263646267,11,27
0.255755786450843,-1.43148605646435,11,28
1.81086987444258,-1.56559892081965,11,29
1.4761891683891,-0.227900860971846,11,30
1.57284086896993,0.804856053827915,11,31
0.889962605475368,2.16380464035735,11,32
-0.0634226310746357,2.16563277035718,11,33
0.980299917776351,2.11601507901197,11,34
1.34469946806271,2.53382433194465,11,35
2.92160497324967,3.30221170860757,11,36
3.18939360428184,4.907973383166,11,37
3.03392315968069,3.61896164026408,11,38
2.2947988275572,4.31093329512044,11,39
2.96241960758055,4.78435286340023,11,40
2.26419404976199,4.83675709722052,11,41
3.28688200953555,6.45733794705538,11,42
2.76809398291695,7.67921442125501,11,43
2.25893687385442,7.76093222997213,11,44
1.45419513310963,6.70210537516562,11,45
2.9384809641781,5.67856836461811,11,46
2.21004921232838,6.04700096473908,11,47
2.16366122390898,5.48341690071878,11,48
1.52694939749745,7.15671299059364,11,49
-0.014877085499212,8.59855578891406,11,50
2.04993485865781,7.47317111074896,11,51
3.59100791582632,7.64705123797027,11,52
5.1384031338582,9.73400394392353,11,53
5.66675444779279,9.08905947732437,11,54
5.38793831877039,9.75149776671809,11,55
5.47400836943164,9.90637905841706,11,56
5.55875944604106,10.2228832298716,11,57
5.1674251286993,11.4087898979224,11,58
4.7985921066449,11.8783182311609,11,59
5.08527465609634,11.2926012375431,11,60
0.454736338361919,1.08293250331022,12,1
1.72750495099878,0.582463551799773,12,2
4.16454439706013,1.26560195000731,12,3
4.1230084292959,2.71394001580945,12,4
4.17942110655989,2.30407027249259,12,5
6.03678638311161,3.13435374881945,12,6
4.31390167190525,4.01593400052558,12,7
5.30063924381395,5.08629348346004,12,8
5.74084232555486,5.00480265513353,12,9
6.51147732506521,4.92320558167866,12,10
5.81462718130584,4.3762437857639,12,11
5.03331252316441,5.28637966793447,12,12
5.12895686615437,4.63565415629976,12,13
5.07245747823616,4.52626833382693,12,14
5.01702381175727,3.98090438114876,12,15
5.05371263005015,5.07232691771635,12,16
4.89321291110429,5.27883906459141,12,17
3.41172826810714,5.83279759662167,12,18
3.20014576472955,7.84188665691315,12,19
3.83990217723561,8.85446346423452,12,20
2.60936895597991,8.98773544575855,12,21
2.45303094340734,8.7433905062126,12,22
2.97787059462609,8.28778993650019,12,23
1.44998460987112,7.63554506653822,12,24
0.672859337151289,8.37292929912888,12,25
0.369418238272842,8.1659115758605,12,26
1.01689367849523,8.14552712706795,12,27
-0.997989856410472,8.49198738614478,12,28
-1.60138221437184,9.04036310421454,12,29
-2.07490210822945,9.88543403066392,12,30
-2.6862879297185,11.1076099956558,12,31
-2.73494923392939,9.64026840607228,12,32
-2.5558226215428,9.7975737796344,12,33
-4.04908000772925,7.36221655224629,12,34
-6.66923194587806,7.716193833922,12,35
-5.71896042286272,7.33748913487,12,36
-6.20719939783575,6.18091767528321,12,37
-6.3284492667089,5.91907418368967,12,38
-7.88815556730472,5.85922073505015,12,39
-8.64872531801892,5.45977764904848,12,40
-8.67361588180167,5.72581481215333,12,41
-8.3280587672599,7.74877482889343,12,42
-9.62664277700325,9.42050870652648,12,43
-9.03159423775661,9.80281234840586,12,44
-10.3236220844484,9.74023572047221,12,45
-11.3483740618657,9.92230286312259,12,46
-13.1682592074974,9.10743632565559,12,47
-13.8786197573016,7.74103897501687,12,48
-12.4500473247228,7.92550709277701,12,49
-12.6388281371648,8.30574132279526,12,50
-12.5819033133892,9.35195710314223,12,51
-12.7842418160658,11.2139996198977,12,52
-13.0645110700616,11.7009435629519,12,53
-14.0465844420107,13.5094783255538,12,54
-14.1103642517124,14.1814443191988,12,55
-15.1366812661286,15.870313380131,12,56
-14.5594728921783,15.0151921272976,12,57
-15.2103195300108,14.4057343961325,12,58
-15.4815800674879,16.2193498615776,12,59
-16.3946482982243,16.1947500388176,12,60
1.86921140028698,0.0835872381878738,13,1
0.963962609791344,-0.745241159375685,13,2
1.69942264184873,-1.40564379361609,13,3
2.07181263249579,-1.73775961971337,13,4
1.17261898277342,-1.9469518162005,13,5
1.78620240023977,-2.81038025365693,13,6
0.273122677408972,-1.82041079846757,13,7
0.441945754391586,-2.88974712072942,13,8
1.292017311153,-1.24719354093757,13,9
1.83647167800002,-2.26716936474315,13,10
3.29170215983514,-1.90464926928886,13,11
2.36022253630544,-2.0317539699912,13,12
1.79035025158456,-3.6518178657608,13,13
0.758202112883834,-4.07393816146469,13,14
0.207996196027331,-3.04594142147415,13,15
-0.703430231110184,-3.33622686104643,13,16
-1.17888041568382,-3.4451835111194,13,17
0.108505698954268,-3.53036705122256,13,18
-1.15032107102691,-2.96564700988687,13,19
0.728574333689508,-4.68910902193512,13,20
1.32816063240168,-5.60742426897877,13,21
0.799742355994535,-7.23739692959654,13,22
0.875724455345731,-6.93866137796124,13,23
-0.932001350896198,-9.18433905553919,13,24
-1.33568816132134,-9.72133115997611,13,25
-2.20580113343012,-9.18261719796983,13,26
-2.73527826644424,-8.43141296704468,13,27
-2.50683276153293,-9.07702025218238,13,28
-1.75785239319467,-9.83231935738505,13,29
-2.23550351829058,-11.4451868604183,13,30
-4.44470631392153,-11.0832535435096,13,31
-4.94518678685861,-12.7441424324472,13,32
-5.28300893910076,-12.2996349466114,13,33
-4.27521678342681,-13.5299716798351,13,34
-6.93158676550922,-12.5960339564158,13,35
-7.11226641257347,-10.8561178191277,13,36
-7.30170846957289,-10.7499669614928,13,37
-7.28786457758755,-13.8997203823503,13,38
-5.85129892821101,-14.2928868644182,13,39
-7.70671659420549,-13.741514165606,13,40
-6.85194338304195,-13.9196620782131,13,41
-8.22882560864663,-13.9071553519058,13,42
-7.17752664676098,-14.1015403358594,13,43
-5.11177838027551,-12.7135426076403,13,44
-6.09626088494145,-12.7664785641479,13,45
-3.80716364130615,-13.6470483450584,13,46
-1.41342450543233,-13.1882329506606,13,47
-1.53773694703055,-11.5867414797132,13,48
-2.71915024454546,-12.7983214883935,13,49
-2.06892392305679,-14.3476152089062,13,50
-2.28968598810611,-15.1064686953151,13,51
-2.97599034253611,-13.9380034040702,13,52
-0.926702806661627,-16.3971440063243,13,53
-1.09941550065731,-16.3096603400261,13,54
0.223846202373476,-17.0606127427201,13,55
-1.62671145671432,-18.4110963486426,13,56
0.430416721577759,-17.2719891447935,13,57
0.292817083628118,-18.0610524549475,13,58
0.955945895303343,-17.1194728873366,13,59
0.743237987514686,-15.9865975630316,13,60
1.04010581996883,2.07783301847871,14,1
2.74696877918632,2.73185109518584,14,2
1.36739252713071,2.29625942065125,14,3
2.38022725275826,3.48586352515088,14,4
2.08833640640291,1.96421583808716,14,5
1.82640062304922,0.935924051870275,14,6
3.1457316012805,-0.112217027672877,14,7
4.50683072191035,-0.500797727593156,14,8
4.67949276291975,0.726149665289871,14,9
3.24661899286359,0.669521709516494,14,10
3.36855245205901,2.47102839008916,14,11
1.65065298614756,2.78962869045224,14,12
2.78297271528069,2.66389524717959,14,13
4.58232835210815,3.63974980108732,14,14
5.17634266351339,3.55648737047122,14,15
8.0775052235362,3.12592244667114,14,16
6.76919394012449,2.64200601291698,14,17
7.82635972924354,2.20879691766994,14,18
8.67290697021648,1.50267970515282,14,19
8.62282960564737,1.72986393197902,14,20
10.2332532284018,3.30219464209386,14,21
10.8505430714319,3.81013033659776,14,22
12.0838451727222,4.20688321904215,14,23
13.05956963388,4.38572576727881,14,24
13.703106189061,5.1617991078926,14,25
15.6547959700532,5.32757362846432,14,26
14.7992003626898,5.71961991467743,14,27
13.4481287559054,6.52490601446361,14,28
13.6482468697408,5.12728224396031,14,29
12.5379844863048,4.95773498945359,14,30
12.5116728945597,4.76033037627849,14,31
11.0700353344372,6.35974665262676,14,32
11.2490810185133,4.53480487089252,14,33
8.80461962262748,3.37997089381006,14,34
7.53261673157491,2.68989657568572,14,35
7.70784063547026,2.6844967346441,14,36
7.38655725587243,3.09484091673694,14,37
6.70679219757384,3.90884219730439,14,38
7.29622563056077,2.18780534008377,14,39
7.79123038863216,1.66064395323312,14,40
6.458967675813,2.70284104370907,14,41
5.42648663963095,1.60958718725017,14,42
6.15378442383015,0.431414392530629,14,43
5.99710404094558,0.689154525102246,14,44
6.97685946912435,0.0839795638821078,14,45
6.32201925444558,-0.269232075783246,14,46
7.03299867005445,0.279469582996382,14,47
8.30383069282632,0.919193976948861,14,48
8.16843222835464,0.428494351978783,14,49
8.96995314706858,-0.151713409206236,14,50
8.90163493063139,-0.188846133184032,14,51
9.44439692156329,0.775352887554228,14,52
10.6263831805969,-0.872517266352296,14,53
11.8837005011636,-1.47809533571552,14,54
9.43521915860235,-1.21427140891239,14,55
9.91802998172206,-0.384061660743797,14,56
8.16846013606044,0.0293306839242522,14,57
7.47157468135091,-0.36132135359212,14,58
7.5655393928545,0.160628914890727,14,59
6.81730199943583,0.173947851213852,14,60
-0.00967466940253779,0.348331931632085,15,1
0.732309253849497,0.114324837729369,15,2
0.753627642541175,0.336001706429771,15,3
0.57998366512806,1.36912062698397,15,4
1.41732459480604,-0.221312198998151,15,5
2.40569514145382,-0.354802007769876,15,6
3.39573720277136,-0.0263858985412483,15,7
3.17404984992063,0.943842752619031,15,8
2.60043461338866,0.66076644315888,15,9
2.93185217271704,0.532424440600035,15,10
2.73435169876601,1.55636787625448,15,11
4.18393703811932,1.52385263895492,15,12
5.18214431984169,1.17428232422699,15,13
7.03184995206097,2.19605574761004,15,14
6.85010218447531,1.04536576984556,15,15
6.73069508553069,2.22150797421235,15,16
7.17123859610206,0.752853046329927,15,17
6.73864898393938,0.364163222200087,15,18
5.70477954285467,-0.168052439549318,15,19
4.49623641221319,0.703055389810638,15,20
4.07314689845865,0.908300187930727,15,21
3.73957895309916,-0.509888460777203,15,22
3.27024002216547,0.0245448408809493,15,23
3.6792761197745,0.848814936655129,15,24
3.78072500140921,1.57870181716704,15,25
2.91588335141014,1.95585550307039,15,26
2.08057335482402,0.892341381234647,15,27
2.46673292933169,-0.611011395501915,15,28
2.40644996309849,-0.0327568907779478,15,29
2.27933739634043,0.864929589961924,15,30
1.56383180276823,1.99711706984735,15,31
0.296783508844777,4.02216575492563,15,32
1.40086056797958,4.05135217712272,15,33
2.09838474006141,2.67872473589909,15,34
2.13006409667238,2.36529010748858,15,35
1.38602454419507,2.13726991382878,15,36
0.337688437516179,1.5690710292741,15,37
-0.460951041994935,3.0789661903873,15,38
0.723565812768609,5.3516343509603,15,39
1.03525532869514,3.96183040846668,15,40
2.20441766311518,3.99007532582556,15,41
1.74012509587863,3.73810596940866,15,42
2.1190274461717,4.32051227754851,15,43
2.88772589435851,4.59782224219887,15,44
1.67081681318335,5.42590285292862,15,45
1.76055383057801,5.31503360096699,15,46
0.825564259517655,5.84322751265071,15,47
0.20326524847479,7.29732988894313,15,48
-0.493997220011013,7.52542303310133,15,49
0.521530384185477,9.56960226845854,15,50
0.845267523134263,8.86440201061208,15,51
0.633715916442054,9.30374650348507,15,52
0.525004327336882,8.97319484006302,15,53
1.21938228515098,9.00379549549669,15,54
1.02071852592318,9.66403759764594,15,55
0.939747180899031,9.89887726948414,15,56
0.349594644404111,8.72499506027352,15,57
-0.105114225059788,8.22614317252541,15,58
-0.0126000918263354,7.43996502712391,15,59
1.15629209420777,6.76204245827981,15,60
-2.25469055724313,-0.736161313224279,16,1
0.602738986818774,-1.16145882622769,16,2
0.954357448918976,0.248521154075917,16,3
1.00956315173207,1.11063468136023,16,4
1.58056966822206,2.08469959520186,16,5
0.101190158619931,0.741066151161014,16,6
1.74624074218001,-0.232242952578468,16,7
1.54314763962303,0.453154266162168,16,8
1.77400653749618,2.51028317187319,16,9
2.23549190899646,2.16901393800729,16,10
3.88138713568923,3.955196175404,16,11
3.60479288777676,4.56433763034798,16,12
1.88284944848416,3.94433410917067,16,13
2.21606479042931,2.97755699304471,16,14
0.0255723498121692,3.10425012728102,16,15
-2.10634735606106,3.74852586248509,16,16
-0.460455461724406,2.80250196263826,16,17
1.376911073969,3.64661864478315,16,18
0.929358477912234,2.42679159504219,16,19
-0.059127625084074,2.40964287223384,16,20
-0.914140140737163,3.57047853370069,16,21
-1.95490293961202,3.88048701805315,16,22
-3.06542079222536,3.99009188040417,16,23
-3.72473077975533,3.89994643106297,16,24
-4.19630681249257,3.00736059225075,16,25
-4.11770348145147,0.66732294781603,16,26
-3.98376965985487,-0.994672641830239,16,27
-5.26498668024482,-1.3283331164564,16,28
-4.42520109675543,-2.03018150145136,16,29
-5.25095155102998,-4.0080100545537,16,30
-5.29969046731446,-2.66506526833947,16,31
-4.91825483042834,-1.01161529255224,16,32
-5.46693340626838,-1.96480621486719,16,33
-4.00212315750441,-1.25211397598132,16,34
-3.80793435329231,-2.94533741333424,16,35
-1.69847684637118,-2.33347637440296,16,36
-1.60022265053731,-4.06491070216703,16,37
-0.78300327840632,-3.17001102833326,16,38
-0.442884868811185,-1.86637048930538,16,39
-1.29372425790064,-1.73086084444957,16,40
-1.13283040404673,-1.96695898927735,16,41
-1.19072027742166,-3.04779033653426,16,42
0.404656051305974,-3.70724985884868,16,43
0.776181393539879,-4.56178136538003,16,44
-0.942438618153225,-4.35485099566478,16,45
-0.989702657466986,-4.38713789344921,16,46
-3.41563602906665,-3.36946271769166,16,47
-4.59513897630221,-3.71790189118337,16,48
-4.75158848038913,-3.34467045658263,16,49
-4.33602572669594,-5.2441798529374,16,50
-3.73031094271156,-5.61875264398256,16,51
-3.62840808009025,-6.72950794269761,16,52
-2.92377801212596,-5.50919906022941,16,53
-2.36198091010204,-5.44995174581132,16,54
-2.40010736929483,-4.50934820978933,16,55
-1.59856574965948,-4.7629684025325,16,56
-3.11589739824775,-3.85930690920725,16,57
-6.66111777740565,-3.82962337670534,16,58
-9.50182504210727,-4.13035330619553,16,59
-8.37139327012891,-4.35689866564213,16,60
1.26861070032332,-1.31953091897271,17,1
-0.865989821033817,-0.0232808325983478,17,2
-1.37117704323008,0.546937273720357,17,3
-0.313677830194749,0.0041903028449993,17,4
1.01492636753266,-0.695333784852398,17,5
1.98999324286764,-1.35922676863864,17,6
1.09928029235603,-0.756216765207038,17,7
3.56151895127506,0.639465361829385,17,8
4.01661977049025,1.26822246379356,17,9
5.63397799002056,1.28946813512298,17,10
6.54521604545725,1.24713806340935,17,11
8.09355251319728,1.61227106614997,17,12
8.79847690417391,5.16163062294879,17,13
9.9262267245536,4.66306876306244,17,14
7.70746639096004,4.7850118088443,17,15
7.24163330851784,4.16869596074511,17,16
5.81314768411731,3.18442288421851,17,17
6.77873893809014,3.54405116370842,17,18
7.13554513029269,3.5229279428819,17,19
8.1925946484258,3.96677823533215,17,20
6.99163110238216,4.46591809223039,17,21
6.73019834622049,6.14008059389407,17,22
6.02062968650192,6.31268269694776,17,23
5.58624704666417,7.12611920156071,17,24
4.59393756218894,8.08627411536344,17,25
3.71187320134938,8.03516145437436,17,26
2.87185846944112,8.13896323367897,17,27
2.65063137338134,7.46697932949517,17,28
4.02128992229158,7.49420921245327,17,29
5.13984024335516,8.97614877277954,17,30
6.49592059412678,10.4246452664829,17,31
5.6413096794349,9.19605134186946,17,32
7.33828789333781,9.2979797683522,17,33
9.83677556509201,10.858783032327,17,34
11.2270695808952,10.2278558121852,17,35
11.1823793541228,9.75702288166399,17,36
12.2355445759801,9.65178963307879,17,37
12.1110940968826,9.50080379601383,17,38
14.3775416608655,8.73603400915681,17,39
16.4104618888573,7.98279231059535,17,40
14.4342409242892,8.90342411846537,17,41
15.4126666118033,8.10011836664465,17,42
14.412766966364,7.19532441426704,17,43
14.0350014654126,7.16288202188836,17,44
13.5647324959899,7.42767279582665,17,45
14.6083690306365,8.002385899329,17,46
15.0634633040639,7.82144589873983,17,47
15.812923351216,6.65768577752507,17,48
16.5300382169521,7.80789442327367,17,49
15.382674251123,7.31440860223304,17,50
14.4072092096708,7.34136453482669,17,51
14.4373298700228,7.64294508275227,17,52
14.3367600969622,5.37525154847817,17,53
14.6644884998892,3.72218939831252,17,54
14.3109220339701,5.52280393994278,17,55
13.4806232998833,5.00819436200045,17,56
13.3804917736699,5.24982919980203,17,57
13.2940770170083,4.9290431467389,17,58
12.6574046246085,4.63420196079004,17,59
13.3203596052891,4.90537748048435,17,60
-0.902087559035857,0.704520244649715,18,1
-2.25813748564847,1.45564814772082,18,2
-2.97409481379178,0.0385995071101541,18,3
-4.25825959940939,0.0838037277134765,18,4
-5.07621518975006,2.06391399786105,18,5
-5.50833452928069,2.14574008535517,18,6
-6.20173057384109,2.18923812788328,18,7
-7.47363773916831,2.01623623021793,18,8
-8.34069116309984,2.10711370329484,18,9
-9.10373060651186,3.34667208373214,18,10
-9.68341173646089,3.69356827709568,18,11
-10.2370432104024,4.35718289808376,18,12
-11.0009731392377,1.14087103387846,18,13
-12.5862367699387,0.144881794893362,18,14
-12.1202621489368,-0.338654324698471,18,15
-11.9399411037424,1.65288385872773,18,16
-11.8379748356181,2.14306431118922,18,17
-11.7078857352611,3.2146701760213,18,18
-12.2436675537234,1.31260007136652,18,19
-13.2113313589797,0.523482146957546,18,20
-13.1237204609553,0.178398137386565,18,21
-14.2553781992682,-0.727985475183428,18,22
-13.6084087440376,-1.72714822801052,18,23
-12.4513380293704,-0.43525713241113,18,24
-14.003221019791,-0.239445820901827,18,25
-14.2566375205758,-1.31272507662543,18,26
-14.3422887739045,-0.649127832320047,18,27
-14.4859282554028,0.939101223316216,18,28
-13.8474192585193,1.59004363701403,18,29
-12.4336100973904,1.55704532272698,18,30
-11.6739636250258,0.61421478026342,18,31
-11.2669281438153,1.97780253393466,18,32
-11.4245415440416,2.02243692234905,18,33
-11.3778185344532,1.80747319095304,18,34
-10.9694736836011,2.06045976850347,18,35
-11.3823162011047,0.459690341456572,18,36
-9.22302576221936,0.777972263687977,18,37
-10.0980139323083,2.28244425924313,18,38
-11.2727844726729,2.72217296311821,18,39
-12.1444119984673,0.964197342734235,18,40
-13.0924339304268,-0.55860427690448,18,41
-11.0229332767272,0.735831758105063,18,42
-11.3599452167182,1.66992584952743,18,43
-10.8468617217206,0.572061583167935,18,44
-11.0099569034898,0.639288320710471,18,45
-10.6784369110278,2.22870447896745,18,46
-8.78411821287019,2.600205581753,18,47
-9.21097364287702,3.94829083403579,18,48
-7.18357198105377,2.85589133055529,18,49
-7.7435571733932,2.37242447263648,18,50
-8.57671002395353,1.36914047497343,18,51
-7.66769735530068,0.15290539655339,18,52
-6.27668901604114,0.388473563801925,18,53
-6.45859192725613,0.0412399464870837,18,54
-7.0982785188209,-0.618468947770101,18,55
-6.34896040086645,0.614237993372818,18,56
-5.36807244278856,0.201725021511869,18,57
-4.78070458446399,-0.254034138545758,18,58
-5.78583471824509,0.279738488169149,18,59
-6.92402776956368,0.895387424917537,18,60
-0.65404932254514,-0.0937461110655723,19,1
0.236996017401311,-1.07289606730278,19,2
-0.506212219691839,-0.428248538495782,19,3
-0.531615439326567,-2.61364242677875,19,4
0.225973436951522,-2.41525243400887,19,5
-1.17757104693437,-1.5665245070854,19,6
-3.67219830887438,-0.700815694626522,19,7
-3.30123901544943,-0.635413673130041,19,8
-4.51940825577339,-4.01973218756534,19,9
-5.03302567898712,-4.66392388499203,19,10
-3.67734250215701,-5.03368269404134,19,11
-1.19642563237105,-4.63835830742417,19,12
-2.52130011724593,-4.56363702583779,19,13
-2.41285160767767,-4.46988774957329,19,14
-2.31528605697778,-4.4985493730515,19,15
-0.740986099831539,-4.23029794028099,19,16
-0.290846834326392,-5.01824184647745,19,17
-0.44185946916472,-4.0493579628918,19,18
-1.31061783569995,-5.49801479730985,19,19
-0.0407858914425422,-5.92514835622995,19,20
0.765246146745327,-5.31253679353838,19,21
0.430637592940606,-6.24405619011401,19,22
0.0432713173087368,-5.62785092145053,19,23
-1.14387917010173,-6.63603733152609,19,24
-0.194848279745579,-7.35029967785345,19,25
0.989989647699273,-8.82735263128054,19,26
0.805920724749342,-9.62309038862855,19,27
0.450510656780211,-9.27945659046281,19,28
-0.342753349995721,-8.38937310100618,19,29
1.10248695377821,-7.66126925904983,19,30
0.861205202102424,-7.40839277540325,19,31
1.39600661507954,-8.7855479325918,19,32
1.91884013279701,-9.64675091545026,19,33
2.74963269311198,-9.21465742005303,19,34
3.64756693720806,-8.58921415225799,19,35
4.91104082551206,-9.29230148683747,19,36
3.77361061815872,-9.20017905652195,19,37
2.0102167223467,-7.54285397651325,19,38
2.67923169490191,-8.00101014814893,19,39
1.97641861889404,-8.50571928349906,19,40
0.174132174714978,-10.1795037210492,19,41
1.57974646326849,-9.82396519615104,19,42
3.03199793077698,-8.94788007618138,19,43
2.86792670581937,-8.72121963878397,19,44
3.75377598120671,-9.03594714815264,19,45
4.5094675716502,-9.23402042918029,19,46
4.4768200458948,-8.74407118007478,19,47
5.49602576172952,-8.46121765015225,19,48
5.00883869935886,-7.81874972450833,19,49
5.3888348643872,-6.54916184102465,19,50
5.86661891644855,-6.77057104439969,19,51
6.63926722032687,-6.22384125287551,19,52
7.84248735590313,-6.81227704337164,19,53
5.63748195472133,-6.06944705520971,19,54
5.10442560815546,-7.30773158332414,19,55
5.38417847297522,-6.76572580411214,19,56
4.73288279984311,-5.86604509354806,19,57
4.90772194816141,-5.42026815705225,19,58
5.88884443248601,-5.74793230716235,19,59
6.0648810350446,-7.88704921141613,19,60
2.95735189719619,-0.524587232193084,20,1
3.88241102235444,-0.0207221990914342,20,2
5.15761545229328,-0.441165379593018,20,3
3.83769021469769,-0.864436763445357,20,4
4.8068796407845,-2.40898825123977,20,5
4.91279099959631,-2.49738572731001,20,6
5.05151670513668,-2.26232218493626,20,7
4.95615556727645,-1.29374032059952,20,8
3.77343335113279,-2.01814487982324,20,9
3.64230568058464,-2.98926441109745,20,10
4.81568647218721,-4.137384348063,20,11
4.6527982810257,-4.74320341994022,20,12
5.16188202039394,-3.85342191711135,20,13
5.75026318088201,-5.0707099530466,20,14
4.66291068544195,-6.72233763901658,20,15
4.7335833766049,-5.97542377160772,20,16
3.11282667760826,-4.4873762097144,20,17
3.20542783937052,-5.13381240339474,20,18
4.27186166570618,-3.62456938140895,20,19
3.86815291340815,-5.27043687772561,20,20
4.6967591163195,-4.46474007865647,20,21
5.62651642254333,-5.73982648839173,20,22
6.40866117403665,-4.78870154455219,20,23
7.32720903999737,-4.19351370628379,20,24
7.9912390798208,-4.70793230134569,20,25
7.76307086635046,-5.16266879773055,20,26
8.4010738095432,-5.92402658203329,20,27
11.599939573616,-6.94793440889145,20,28
11.4778438960785,-6.48182784315858,20,29
11.0736687646392,-5.25834517996564,20,30
11.7223582937393,-5.32392671217333,20,31
13.3589891361181,-5.17865283929192,20,32
13.4751025984255,-4.8645293257171,20,33
14.9482342903586,-5.81103812873112,20,34
16.5338986700604,-4.23405050564853,20,35
17.2800262580214,-5.51281163684787,20,36
17.1914976605781,-5.70874824261273,20,37
17.4811068916787,-5.83948634028706,20,38
16.8199347304456,-6.50263966608547,20,39
15.4030701327412,-5.80530263425816,20,40
15.5136662275982,-6.17633706907272,20,41
14.6212427519781,-5.86846720329708,20,42
13.9542942213974,-5.46405882584563,20,43
14.2753003921662,-6.52120409723268,20,44
16.1809729851337,-6.62095874835159,20,45
15.2021909007945,-6.16928306769444,20,46
14.5946891585504,-5.44621397531632,20,47
14.2804137568061,-5.50580004732954,20,48
14.2903486213756,-4.28595871960171,20,49
14.4988294278938,-3.37137508840229,20,50
14.8315521836239,-4.30952927966882,20,51
15.4654348035615,-4.22979826833592,20,52
15.3411194139358,-4.07387446837428,20,53
14.5450387760563,-3.99083872759593,20,54
14.3522678095153,-3.15116029304478,20,55
14.646135408566,-2.5376244973786,20,56
14.1710470874607,-3.68810419982875,20,57
14.649809171593,-1.48329200652114,20,58
15.5411182830125,-0.539711568418814,20,59
14.4388721760404,-0.668498215196525,20,60
